{
	"bloodSkyRoar": {
		"category": "ambient",
		"sounds": [
			"bloodSkyRoar"
		]
	},
	"ambientBloodSky": {
		"category": "ambient",
		"sounds": [
			{
				"name": "ambience/ambientBloodSky",
				"stream": true
			}
		]
	},
	"ambientSpoopy": {
		"category": "ambient",
		"sounds": [
			{
				"name": "ambience/ambientSpoopy",
				"stream": true
			}
		]
	},
	"ambientWightFortress": {
		"category": "ambient",
		"sounds": [
			{
				"name": "ambience/WightFortressAmbience",
				"stream": true
			}
		]
	},
	"ambientWater": {
		"category": "ambient",
		"sounds": [
			{
				"name": "ambience/WaterAmbience",
				"stream": true
			}
		]
	},
	"druidChant": {
		"category": "block",
		"sounds": [
			"druidChant"
		]
	},
	"darkDruidHit": {
		"category": "hostile",
		"sounds": [
			"darkDruidHit"
		]
	},
	"darkDruidDeath": {
		"category": "hostile",
		"sounds": [
			"darkDruidDeath"
		]
	},
	"darkDruidLiving": {
		"category": "hostile",
		"sounds": [
			"darkDruidLiving1",
			"darkDruidLiving2"
		]
	},
	"druidTeleport": {
		"category": "hostile",
		"sounds": [
			"druidTeleport"
		]
	},
	"anglerDeath": {
		"category": "hostile",
		"sounds": [
			"anglerDeath"
		]
	},
	"anglerAttack": {
		"category": "hostile",
		"sounds": [
			"anglerAttack1",
			"anglerAttack2"
		]
	},
	"swampHagLiving": {
		"category": "hostile",
		"sounds": [
			"swampHagLiving1",
			"swampHagLiving2",
			"swampHagLiving3",
			"swampHagLiving4"
		]
	},
	"swampHagLiving1": {
		"category": "hostile",
		"sounds": [
			"swampHagLiving1"
		]
	},
	"swampHagLiving2": {
		"category": "hostile",
		"sounds": [
			"swampHagLiving2"
		]
	},
	"swampHagLiving3": {
		"category": "hostile",
		"sounds": [
			"swampHagLiving3"
		]
	},
	"swampHagLiving4": {
		"category": "hostile",
		"sounds": [
			"swampHagLiving4"
		]
	},
	"swampHagHurt": {
		"category": "hostile",
		"sounds": [
			"swampHagHurt1",
			"swampHagHurt2",
			"swampHagHurt3"
		]
	},
	"swampHagDeath": {
		"category": "hostile",
		"sounds": [
			"swampHagDeath"
		]
	},
	"tarBeastSuck": {
		"category": "hostile",
		"sounds": [
			"tarBeastSuck"
		]
	},
	"tarBeastLiving": {
		"category": "hostile",
		"sounds": [
			"tarBeastLiving1",
			"tarBeastLiving2",
			"tarBeastLiving3"
		]
	},
	"tarBeastHurt": {
		"category": "hostile",
		"sounds": [
			"tarBeastHurt1",
			"tarBeastHurt2"
		]
	},
	"tarBeastStep": {
		"category": "hostile",
		"sounds": [
			"tarBeastStep1",
			"tarBeastStep2",
			"tarBeastStep3"
		]
	},
	"tarBeastDeath": {
		"category": "hostile",
		"sounds": [
			"tarBeastDeath"
		]
	},
	"wightHurt": {
		"category": "hostile",
		"sounds": [
			"wightHurt1",
			"wightHurt2"
		]
	},
	"wightMoan": {
		"category": "hostile",
		"sounds": [
			"wightMoan1",
			"wightMoan2",
			"wightMoan3",
			"wightMoan4"
		]
	},
	"wightAttack": {
		"category": "hostile",
		"sounds": [
			"wightAttack1",
			"wightAttack2",
			"wightAttack3",
			"wightAttack4"
		]
	},
	"wightDeath": {
		"category": "hostile",
		"sounds": [
			"wightDeath"
		]
	},
	"sporelingDeath": {
		"category": "neutral",
		"sounds": [
			"sporelingDeath"
		]
	},
	"sporelingHurt": {
		"category": "neutral",
		"sounds": [
			"sporelingHurt"
		]
	},
	"sporelingLiving": {
		"category": "neutral",
		"sounds": [
			"sporelingLiving"
		]
	},
	"snailDeath": {
		"category": "hostile",
		"sounds": [
			"snailDeath"
		]
	},
	"snailHurt": {
		"category": "hostile",
		"sounds": [
			"snailHurt"
		]
	},
	"snailLiving": {
		"category": "hostile",
		"sounds": [
			"snailLiving1",
			"snailLiving1"
		]
	},
	"dragonfly": {
		"category": "neutral",
		"sounds": [
			"dragonfly"
		]
	},
	"squish": {
		"category": "neutral",
		"sounds": [
			"squish"
		]
	},
	"lurkerLiving": {
		"category": "hostile",
		"sounds": [
			"lurkerLiving1",
			"lurkerLiving2",
			"lurkerLiving3",
			"lurkerLiving4",
			"lurkerLiving5"
		]
	},
	"lurkerHurt": {
		"category": "hostile",
		"sounds": [
			"lurkerHurt1",
			"lurkerHurt2",
			"lurkerHurt3",
			"lurkerHurt4"
		]
	},
	"lurkerDeath": {
		"category": "hostile",
		"sounds": [
			"lurkerDeath"
		]
	},
	"crabSnip": {
		"category": "hostile",
		"sounds": [
			"crabSnip"
		]
	},
	"geckoLiving": {
		"category": "hostile",
		"sounds": [
			"geckoLiving1",
			"geckoLiving2",
			"geckoLiving3",
			"geckoLiving4"
		]
	},
	"geckoHurt": {
		"category": "hostile",
		"sounds": [
			"geckoHurt"
		]
	},
	"geckoDeath": {
		"category": "hostile",
		"sounds": [
			"geckoDeath"
		]
	},
	"geckoHide": {
		"category": "hostile",
		"sounds": [
			"geckoHide"
		]
	},
	"peatMummyLiving": {
		"category": "hostile",
		"sounds": [
			"peatMummyLiving1",
			"peatMummyLiving2",
			"peatMummyLiving3",
			"peatMummyLiving4",
			"peatMummyLiving5"
		]
	},
	"peatMummyHurt": {
		"category": "hostile",
		"sounds": [
			"peatMummyHurt1",
			"peatMummyHurt2",
			"peatMummyHurt3",
			"peatMummyHurt4",
			"peatMummyHurt5"
		]
	},
	"peatMummyDeath": {
		"category": "hostile",
		"sounds": [
			"peatMummyDeath"
		]
	},
	"peatMummyCharge": {
		"category": "hostile",
		"sounds": [
			"peatMummyCharge"
		]
	},
	"peatMummyEmerge": {
		"category": "hostile",
		"sounds": [
			"peatMummyEmerge"
		]
	},
	"dreadfulPeatMummyEmerge": {
		"category": "hostile",
		"sounds": [
			"dreadfulPeatMummyEmerge"
		]
	},
	"dreadfulPeatMummyBite": {
		"category": "hostile",
		"sounds": [
			"dreadfulPeatMummyBite"
		]
	},
	"dreadfulPeatMummyRetch": {
		"category": "hostile",
		"sounds": [
			"dreadfulPeatMummyRetch"
		]
	},
	"dreadfulPeatMummySwipe": {
		"category": "hostile",
		"sounds": [
			"dreadfulPeatMummySwipe"
		]
	},
	"dreadfulPeatMummyScream": {
		"category": "hostile",
		"sounds": [
			"dreadfulPeatMummyScream"
		]
	},
	"dreadfulPeatMummyLick": {
		"category": "hostile",
		"sounds": [
			"dreadfulPeatMummyEmerge"
		]
	},
	"dreadfulPeatMummyDeath": {
		"category": "hostile",
		"sounds": [
			"dreadfulPeatMummyDeath"
		]
	},
	"dreadfulPeatMummyLiving": {
		"category": "hostile",
		"sounds": [
			"dreadfulPeatMummyLiving1",
			"dreadfulPeatMummyLiving2",
			"dreadfulPeatMummyLiving3",
			"dreadfulPeatMummyLiving4",
			"dreadfulPeatMummyLiving5"
		]
	},
	"dreadfulPeatMummyHurt": {
		"category": "hostile",
		"sounds": [
			"dreadfulPeatMummyHurt1",
			"dreadfulPeatMummyHurt2",
			"dreadfulPeatMummyHurt3",
			"dreadfulPeatMummyHurt4",
			"dreadfulPeatMummyHurt5"
		]
	},
	"templeGuardianMeleeLiving": {
		"category": "hostile",
		"sounds": [
			"templeGuardianMeleeLiving1",
			"templeGuardianMeleeLiving2",
			"templeGuardianMeleeLiving3",
			"templeGuardianMeleeLiving4"
		]
	},
	"templeGuardianBerserkerLiving": {
		"category": "hostile",
		"sounds": [
			"templeGuardianBerserkerLiving1",
			"templeGuardianBerserkerLiving2",
			"templeGuardianBerserkerLiving3",
			"templeGuardianBerserkerLiving4"
		]
	},
	"templeGuardianBerserkerCharge": {
		"category": "hostile",
		"sounds": [
			"templeGuardianBerserkerCharge"
		]
	},
	"templeGuardianBerserkerImpact": {
		"category": "hostile",
		"sounds": [
			"templeGuardianBerserkerImpact"
		]
	},
	"templeGuardianStep": {
		"category": "hostile",
		"sounds": [
			"templeGuardianStep1",
			"templeGuardianStep2",
			"templeGuardianStep3"
		]
	},
	"templeGuardianHurt": {
		"category": "hostile",
		"sounds": [
			"templeGuardianHurt1",
			"templeGuardianHurt2",
			"templeGuardianHurt3"
		]
	},
	"templeGuardianDeath": {
		"category": "hostile",
		"sounds": [
			"templeGuardianDeath"
		]
	},
	"fortressBossLiving": {
		"category": "hostile",
		"sounds": [
			{
				"name": "fortressBossLiving1",
				"stream": true
			},
			{
				"name": "fortressBossLiving2",
				"stream": true
			},
			{
				"name": "fortressBossLiving3",
				"stream": true
			}
		]
	},
	"fortressBossTeleport": {
		"category": "hostile",
		"sounds": [
			"fortressBossTeleport"
		]
	},
	"fortressBossSummonProjectiles": {
		"category": "hostile",
		"sounds": [
			"fortressBossSummonProjectiles"
		]
	},
	"fortressBossHurt": {
		"category": "hostile",
		"sounds": [
			"fortressBossHurt1",
			"fortressBossHurt2",
			"fortressBossHurt3",
			"fortressBossHurt4"
		]
	},
	"fortressBossNope": {
		"category": "hostile",
		"sounds": [
			"fortressBossNope"
		]
	},
	"fortressBossShieldDown": {
		"category": "hostile",
		"sounds": [
			"fortressBossShieldDown"
		]
	},
	"fortressBossDeath": {
		"category": "hostile",
		"sounds": [
			"fortressBossDeath"
		]
	},
	"flyingFiendLiving": {
		"category": "hostile",
		"sounds": [
			"flyingFiendLiving1",
			"flyingFiendLiving2",
			"flyingFiendLiving3",
			"flyingFiendLiving4"
		]
	},
	"flyingFiendHurt": {
		"category": "hostile",
		"sounds": [
			"flyingFiendHurt1",
			"flyingFiendHurt2"
		]
	},
	"flyingFiendDeath": {
		"category": "hostile",
		"sounds": [
			"flyingFiendDeath"
		]
	},
	"giantToadLiving": {
		"category": "hostile",
		"sounds": [
			"giantToadLiving1",
			"giantToadLiving2",
			"giantToadLiving3",
			"giantToadLiving4"
		]
	},
	"giantToadHurt": {
		"category": "hostile",
		"sounds": [
			"giantToadHurt1",
			"giantToadHurt2",
			"giantToadHurt3"
		]
	},
	"giantToadDeath": {
		"category": "hostile",
		"sounds": [
			"giantToadDeath"
		]
	},
	"frogLiving": {
		"category": "hostile",
		"sounds": [
			"frogLiving1",
			"frogLiving2",
			"frogLiving3",
			"frogLiving4"
		]
	},
	"frogHurt": {
		"category": "hostile",
		"sounds": [
			"frogHurt1",
			"frogHurt2",
			"frogHurt3"
		]
	},
	"frogDeath": {
		"category": "hostile",
		"sounds": [
			"frogDeath"
		]
	},
	"termiteLiving": {
		"category": "hostile",
		"sounds": [
			"termiteLiving1",
			"termiteLiving2"
		]
	},
	"pyradLiving": {
		"category": "hostile",
		"sounds": [
			"pyradLiving1",
			"pyradLiving2",
			"pyradLiving3"
		]
	},
	"pyradHurt": {
		"category": "hostile",
		"sounds": [
			"pyradHurt1",
			"pyradHurt2",
			"pyradHurt3"
		]
	},
	"pyradDeath": {
		"category": "hostile",
		"sounds": [
			"pyradDeath"
		]
	},
	"sorry": {
		"category": "player",
		"sounds": [
			"sorry"
		]
	},
	"ambientSwamp": {
		"category": "ambient",
		"sounds": [
			{
				"name": "ambience/SwampAmbience",
				"stream": true
			}
		]
	},
	"ambientCave": {
		"category": "ambient",
		"sounds": [
			{
				"name": "ambience/CaveAmbience",
				"stream": true
			}
		]
	},
	"portal": {
		"category": "block",
		"sounds": [
			"portal"
		]
	},
	"portalActivate": {
		"category": "block",
		"sounds": [
			"portalActivate"
		]
	},
	"portalTravel": {
		"category": "block",
		"sounds": [
			"portalTravel"
		]
	},
	"portalTrigger": {
		"category": "block",
		"sounds": [
			"portalTrigger"
		]
	},
	"purifier": {
		"category": "block",
		"sounds": [
			"purifier"
		]
	},
	"grind": {
		"category": "block",
		"sounds": [
			"grind"
		]
	},
	"spike": {
		"category": "block",
		"sounds": [
			"spike"
		]
	},
	"crumble": {
		"category": "block",
		"sounds": [
			"crumble"
		]
	},
	"fortressPuzzleCageBreak": {
		"category": "block",
		"sounds": [
			"fortressPuzzleCageBreak"
		]
	},
	"fortressPuzzleOrb": {
		"category": "block",
		"sounds": [
			"fortressPuzzleOrb"
		]
	},
	"fortressPuzzleSword": {
		"category": "block",
		"sounds": [
			"fortressPuzzleSword"
		]
	},
	"infuserFinished": {
		"category": "block",
		"sounds": [
			"infuserFinished"
		]
	},
	"fig": {
		"category": "player",
		"sounds": [
			"fig"
		]
	},
	"voodooDoll": {
		"category": "player",
		"sounds": [
			"voodooDoll"
		]
	},
	"rejected": {
		"category": "player",
		"sounds": [
			"rejected"
		]
	},
	"fortressTeleport": {
		"category": "player",
		"sounds": [
			"fortressTeleport"
		]
	},
	"shockwaveSword": {
		"category": "player",
		"sounds": [
			"shockwaveSword"
		]
	},
	"fortressBossLoop": {
		"category": "music",
		"sounds": [
			{
				"name": "boss/FortressBossLoop",
				"stream": true
			}
		]
	},
	"dreadfulPeatMummyLoop": {
		"category": "music",
		"sounds": [
			{
				"name": "boss/DreadfulPeatMummyLoop",
				"stream": true
			}
		]
	},
	"music.blMenu": {
		"category": "music",
		"sounds": [
			{
				"name": "menu/TheAdventureBegins",
				"stream": true
			},
			{
				"name": "menu/AForebodingWelcome",
				"stream": true
			},
			{
				"name": "menu/LeechesAndFireflies",
				"stream": true
			}
		]
	},
	"music.blDimension": {
		"category": "music",
		"sounds": [
			{
				"name": "music/EmeraldEmbers",
				"stream": true
			},
			{
				"name": "music/BarrowMounds",
				"stream": true
			},
			{
				"name": "music/Don'tFollowTheWhisps",
				"stream": true
			},
			{
				"name": "music/Ghostfaces",
				"stream": true
			},
			{
				"name": "music/Incantation",
				"stream": true
			},
			{
				"name": "music/MurkBeneathATwinklingVoid",
				"stream": true
			},
			{
				"name": "music/Darkness",
				"stream": true
			},
			{
				"name": "music/CrocodileTears",
				"stream": true
			},
			{
				"name": "music/InBetween",
				"stream": true
			},
			{
				"name": "music/LeechLovePart1",
				"stream": true
			},
			{
				"name": "music/LeechLovePart2",
				"stream": true
			},
			{
				"name": "music/RipInTheFold",
				"stream": true
			},
			{
				"name": "music/SporeBallad",
				"stream": true
			},
			{
				"name": "music/TheOtherWorld",
				"stream": true
			}
		]
	},
	"records.Astatos": {
		"catagory": "record",
		"sounds": [
			{
				"name": "records/Astatos",
				"stream": true
			}
		]
	},
	"records.BetweenYouAndMe": {
		"catagory": "record",
		"sounds": [
			{
				"name": "records/BetweenYouAndMe",
				"stream": true
			}
		]
	},
	"records.ChristmasOnTheMarsh": {
		"catagory": "record",
		"sounds": [
			{
				"name": "records/ChristmasOnTheMarsh",
				"stream": true
			}
		]
	},
	"records.HagDance": {
		"catagory": "record",
		"sounds": [
			{
				"name": "records/HagDance",
				"stream": true
			}
		]
	},
	"records.TheExplorer": {
		"catagory": "record",
		"sounds": [
			{
				"name": "records/TheExplorer",
				"stream": true
			}
		]
	},
	"records.BeneathAGreenSky": {
		"catagory": "record",
		"sounds": [
			{
				"name": "records/BeneathAGreenSky",
				"stream": true
			}
		]
	},
	"records.DJWightsMixtape": {
		"catagory": "record",
		"sounds": [
			{
				"name": "records/DJWightsMixtape",
				"stream": true
			}
		]
	},
	"records.LonelyFire": {
		"catagory": "record",
		"sounds": [
			{
				"name": "records/LonelyFire",
				"stream": true
			}
		]
	},
	"records.Onwards": {
		"catagory": "record",
		"sounds": [
			{
				"name": "records/Onwards",
				"stream": true
			}
		]
	},
	"records.StuckInTheMud": {
		"catagory": "record",
		"sounds": [
			{
				"name": "records/StuckInTheMud",
				"stream": true
			}
		]
	},
	"records.WanderingWisps": {
		"catagory": "record",
		"sounds": [
			{
				"name": "records/WanderingWisps",
				"stream": true
			}
		]
	},
	"records.Waterlogged": {
		"catagory": "record",
		"sounds": [
			{
				"name": "records/Waterlogged",
				"stream": true
			}
		]
	},
	"records.Ancient": {
		"catagory": "record",
		"sounds": [
			{
				"name": "records/Ancient",
				"stream": true
			}
		]
	},
	"records.16612": {
		"catagory": "record",
		"sounds": [
			{
				"name": "records/16612",
				"stream": true
			}
		]
	},
	"rowboat.row": {
		"catagory": "neutral",
		"sounds": [
			"boatRow1",
			"boatRow2",
			"boatRow3"
		]
	},
	"rowboat.row.start": {
		"catagory": "neutral",
		"sounds": [
			"boatRowStart1",
			"boatRowStart2"
		]
	},
    "possessedScream": {
        "catagory": "block",
        "sounds": [
            "possessedScream"
        ]
    }
}